<?xml version="1.0" encoding="utf-8"?>
<project>
	<!-- NMML reference: https://gist.github.com/1763850 -->
	
	<!-- metadata, make sure 'package' is at least 3 segments (ie. com.mycompany.myproject) -->
	<meta title="Android DAW" package="smallvill7123.android.daw.cppia" version="1.0.1" company="" />
	
	<define name="scriptable" />         <!-- cppia requires scripable to be defined -->
	<define name="dce=no" />             <!-- do not eliminate any code -->
	<define name="analyzer-optimize" />  <!-- additional optimizations -->
	<haxeflag name="--macro include('android_daw.sdk')" />
	<haxeflag name="--macro 'include('openfl', ['openfl.display._internal'])'" />
	<haxeflag name="--macro include('android_daw.sdk')" />
	<haxeflag name="--macro keep('feathersui')" />
	<haxeflag name="--macro keep('openfl')" />
	<haxeflag name="--macro keep('feathersui')" />
	<define name="HXCPP_CHECK_POINTER" />
	
	<!-- output -->
	<app main="android_daw.Main" file="Android DAW" path="bin" />
	
	<window background="#000000" fps="60" />
	<window width="800" height="480" unless="mobile" />
	<window antialiasing="0" if="cpp" />
	<window orientation="auto" vsync="true" />
	
	<!-- classpath, haxe libs -->
	<source path="src" />
	<haxelib name="openfl" />
	<haxelib name="actuate" />
	<haxelib name="feathersui" />
	<haxelib name="android_daw_sdk" />
	
	<!-- override template with our own -->
	
	<template path="templates" />
	
	<!-- assets -->
	<icon path="assets/openfl.svg" />
	<assets path="assets" />
</project>